c_status_bakar,c_geza,mispar_av_em,c_min,c_par,k_zhy_movil,r_ag_kg_halav,r_ag_ahuz_shuman,r_ag_ahuz_rts
0,1,3689,2,3304,995,,,
0,1,3274,2,3595,996,,,
0,1,3168,2,3595,997,,,
0,1,3274,2,3607,998,,,
0,1,5180,2,3852,999,,,
0,1,3168,2,3853,1000,,,
0,1,3258,2,3661,1038,,,
0,,3089,2,,1039,,,
0,1,3241,2,3859,-98,,,
0,1,3376,2,3652,1040,,,
0,1,3274,2,3901,1041,,,
0,1,3376,2,3570,1042,,,
0,1,5190,2,3304,1043,,,
0,1,3481,2,3652,1044,,,
0,1,3304,2,3651,1055,,,
0,1,3235,2,3651,1056,,,
0,1,3776,2,3570,1057,,,
0,1,3304,2,3651,1058,,,
0,1,3304,2,3651,1059,,,
0,1,3727,2,3646,1078,,,
0,1,3148,2,3904,1079,,,
0,1,3391,2,3586,1080,,,
0,1,3274,2,3904,1081,,,
0,1,3308,2,3586,1082,,,
0,1,,2,3833,1083,,,
0,1,3168,2,3652,1084,,,
0,1,66666,2,3646,1085,,,
0,4,3208,2,4906,1086,,,
0,1,5179,2,3617,1087,,,
0,1,3274,2,3829,1095,,,
0,1,2357,2,3822,1096,,,
0,1,3304,2,3980,1099,,,
0,1,5179,2,3758,1100,,,
0,1,3089,2,3863,1101,,,
0,1,,2,3863,1102,,,
0,1,3289,2,3686,-175,,,
0,1,5179,2,3570,1103,,,
0,1,3123,2,3949,1104,,,
0,1,3304,2,3826,1136,,,
0,1,3274,2,3651,1137,,,
0,1,3304,2,3684,1138,,,
0,1,3688,2,3487,1139,,,
0,1,3274,2,5232,1140,,,
0,1,3304,2,3684,1141,,,
0,1,5179,2,7005,1166,,,
0,4,3799,2,4922,1167,,,
0,1,3308,2,5247,1168,,,
0,1,3333,2,3651,1169,,,
0,1,5190,2,7019,1170,,,
0,1,3889,2,3795,1171,,,
0,1,3652,2,3744,1172,,,
0,1,3630,2,3731,1186,-7,-0.03,-0.07
0,1,3376,2,3684,1187,,,
0,1,3652,2,3795,1188,,,
0,1,3651,2,5276,1189,50,0.11,-0.27
0,1,3258,2,5282,1190,,,
0,1,3089,2,5267,1191,,,
0,1,3595,2,5267,1192,,,
0,1,3481,2,7027,1193,,,
0,1,3651,2,5195,1194,,,
0,1,3607,2,5267,1195,,,
0,1,3304,2,3443,1196,,,
0,1,3241,2,5278,1197,,,
0,1,3877,2,5278,1198,,,
0,1,3908,2,5278,1199,,,
0,1,3304,2,5267,1200,,,
0,1,3833,2,5195,1214,279,0.01,-0.19
0,1,3652,2,3844,-331,,,
0,1,3304,2,3822,1215,,,
0,4,4906,2,4931,1216,,,
0,4,3304,2,4936,1217,-182,-0.09,-0.22
0,4,3274,2,4936,1218,,,
0,1,3304,2,3844,1219,,,
0,1,3586,2,5195,1220,,,
0,1,3630,2,3758,1245,,,
0,1,3921,2,3851,1246,,,
0,1,3652,2,7098,1247,,,
0,1,3733,2,5293,1248,,,
0,1,3651,2,3811,-380,,,
0,1,5179,2,3811,1249,,,
0,1,5179,2,3811,1250,,,
0,1,3923,2,7129,1251,,,
0,1,3651,2,3851,1252,,,
0,1,3652,2,3908,1253,,,
0,4,4916,2,4936,1273,,,
0,1,3744,2,5300,1274,,,
0,1,3652,2,7150,1275,,,
0,1,3241,2,3980,1276,,,
0,1,3304,2,3822,1277,27,-0.02,-0.31
0,1,5190,2,3908,1278,,,
0,1,3877,2,3811,1279,-162,0.02,-0.25
0,1,3879,2,3903,1304,346,-0.16,0.31
0,1,3376,2,3881,1305,-364,0.13,-0.13
0,1,5179,2,7174,1306,,,
0,4,4931,2,4936,1307,,,
0,1,5276,2,3758,1308,281,0.03,-0.01
0,1,3630,2,3811,1309,,,
0,1,3689,2,3908,1310,,,
0,4,3570,2,4936,1311,,,
0,1,3651,2,3904,1327,105,-0.01,0.16
0,1,3661,2,3586,1017,,,
0,1,3274,2,3884,1018,,,
0,1,66666,2,3586,1019,,,
0,1,2357,2,3586,1020,,,
0,1,3258,2,3884,1021,,,
0,1,3206,2,3595,1022,,,
0,1,3259,2,3372,1028,,,
0,1,,2,3595,1029,,,
0,1,3304,2,3889,1030,,,
0,1,5181,2,3595,1031,,,
0,1,3208,2,3889,1032,,,
0,1,3338,2,3661,1033,,,
0,1,3733,2,3652,1034,,,
0,1,3241,2,3646,1035,,,
0,1,3376,2,3652,1045,,,
0,1,,2,3733,9723,,,
0,1,3733,2,3586,1046,,,
0,1,3089,2,3586,1047,,,
0,1,3274,2,3652,1048,,,
0,1,3258,2,3923,1049,,,
0,1,3258,2,3595,1050,,,
0,1,5182,2,3595,1051,,,
0,1,3089,2,3646,1060,,,
0,1,3481,2,3652,1061,,,
0,1,3304,2,3661,1062,,,
0,1,3274,2,3652,1063,,,
0,1,3212,2,3833,1064,,,
0,1,3304,2,3661,1065,,,
0,1,3724,2,3646,-127,,,
0,1,3274,2,3089,-130,,,
0,1,3241,2,3646,1066,,,
0,1,3274,2,3652,1067,,,
0,1,3304,2,3661,1068,,,
0,1,3376,2,3617,1069,,,
0,1,3304,2,3651,1124,,,
0,1,3586,2,3744,1123,,,
0,1,3661,2,3990,1125,,,
0,1,3304,2,3826,1126,81,-0.07,-0.31
0,1,3089,2,5259,1127,,,
0,1,2357,2,3744,1128,,,
0,1,3595,2,3795,1129,,,
0,1,3607,2,3744,1130,,,
0,1,3304,2,3586,1131,,,
0,1,3376,2,3795,1132,,,
0,1,3421,2,3686,1133,,,
0,1,3421,2,3795,1134,,,
0,1,3338,2,3744,1135,,,
0,1,3206,2,5242,1157,,,
0,1,3304,2,5246,1158,,,
0,1,3304,2,5247,1159,,,
0,1,3661,2,5242,1160,386,-0.21,-0.08
0,1,3789,2,5242,1161,,,
0,1,3723,2,7008,1162,,,
0,1,3630,2,3756,1163,,,
0,1,3661,2,5246,1164,,,
0,1,3274,2,7057,1165,,,
0,1,3756,2,3443,1183,49,-0.04,-0.06
0,1,3923,2,5276,1184,-11,0.01,0.07
0,1,3652,2,3795,1185,,,
0,1,3833,2,5267,1201,,,
0,4,4916,2,5247,1202,,,
0,1,3421,2,5242,1203,,,
0,1,3570,2,3651,1204,,,
0,1,3304,2,7027,1205,,,
0,1,5190,2,7027,1206,,,
0,1,5278,2,7250,1403,,,
0,4,5195,2,5412,1404,,,
0,1,3595,2,7324,1405,,,
0,4,3586,2,5410,1406,-322,0.09,-0.19
0,4,4924,2,5534,1407,11,0.04,0.13
0,1,5269,2,7353,1408,-275,0.06,0.07
0,1,3889,2,3884,1240,,,
0,1,3803,2,3651,1241,574,-0.05,0.11
0,1,5190,2,3811,1242,,,
0,1,3981,2,5280,1243,,,
0,1,3258,2,3811,-374,,,
0,1,3921,2,7054,1244,,,
0,1,3744,2,5300,1260,,,
0,1,5244,2,3651,1261,,,
0,1,5259,2,3803,1262,,,
0,1,3487,2,5300,1263,,,
0,1,3651,2,5300,1264,,,
0,1,3800,2,3811,1265,,,
0,1,3661,2,7129,1266,,,
0,1,3586,2,5300,1267,,,
0,4,3651,2,4923,1268,,,
0,1,3595,2,7140,1280,,,
0,1,3304,2,7131,1281,,,
0,4,3304,2,4938,1282,,,
0,1,3684,2,3651,1283,386,-0.02,-0.18
0,4,3833,2,4943,1284,,,
0,1,5241,2,3851,1285,,,
0,4,3304,2,4924,1286,,,
0,4,3304,2,4937,1287,,,
0,1,3731,2,3758,1320,,,
0,1,3661,2,3811,1321,,,
0,1,7049,2,3904,1322,,,
0,1,3258,2,3803,1323,303,-0.18,0.07
0,1,3885,2,7184,-473,,,
0,4,3921,2,4937,1324,,,
0,1,3391,2,3376,1010,,,
0,1,3274,2,3879,1011,,,
0,1,3241,2,3089,1012,,,
0,1,66666,2,3586,1013,,,
0,1,3274,2,3586,1014,,,
0,1,3274,2,3376,1015,,,
0,1,5190,2,3304,1016,,,
0,1,3274,2,3630,1023,,,
0,,,2,3304,9718,,,
0,1,3208,2,3376,9717,,,
0,1,2287,2,3338,9715,,,
0,1,3258,2,3274,9714,,,
0,1,3274,2,3586,1024,,,
0,1,2357,2,3630,1025,,,
0,1,3258,2,3586,1026,,,
0,1,3304,2,3607,1027,,,
0,1,2363,2,3304,9721,,,
0,1,,2,3851,1036,,,
0,1,3304,2,3651,1037,,,
0,1,,2,3089,9726,,,
0,1,,2,3089,9728,,,
0,1,3070,2,3308,9732,,,
0,1,3123,2,3304,9719,,,
0,1,3181,2,3089,9733,,,
0,1,3304,2,3376,1052,,,
0,1,3789,2,3661,1053,,,
0,1,3258,2,3661,1054,,,
0,1,3274,2,3833,1070,,,
0,1,3800,2,3758,1071,,,
0,1,3799,2,3758,1072,,,
0,1,3304,2,3661,1073,,,
0,1,3369,2,3833,1074,,,
0,4,2335,2,4916,1075,,,
0,1,3338,2,5179,1076,,,
0,1,3304,2,3966,1077,,,
0,1,3304,2,3921,1114,,,
0,1,3733,2,3651,1115,,,
0,1,3376,2,3921,1116,,,
0,1,3793,2,5244,1117,,,
0,1,3089,2,3921,1118,,,
0,1,3241,2,3981,1119,,,
0,1,3304,2,5243,1120,,,
0,1,3661,2,3795,1121,,,
0,1,3241,2,3947,1122,,,
0,1,3595,2,3744,1142,,,
0,1,3586,2,3570,-235,,,
0,1,3376,2,3756,1143,,,
0,1,3304,2,3744,1144,,,
0,1,3212,2,5232,1145,,,
0,1,3586,2,3731,1146,,,
0,1,3586,2,3744,1147,,,
0,1,,2,5216,1148,,,
0,1,3800,2,3744,1173,,,
0,1,5179,2,3689,1174,,,
0,1,5179,2,3651,1175,,,
0,1,3570,2,3689,1176,,,
0,4,3304,2,4931,1177,,,
0,1,3800,2,7049,1178,,,
0,1,3258,2,3807,1179,,,
0,1,3258,2,3807,-285,,,
0,1,3586,2,5276,1180,,,
0,1,3651,2,3689,1181,,,
0,1,3901,2,3689,1182,,,
0,1,3607,2,7074,1221,,,
0,1,3822,2,5242,1222,,,
0,4,3595,2,4930,1223,106,-0.07,0.09
0,1,3930,2,5242,1224,,,
0,4,3304,2,4928,1232,,,
0,1,3258,2,3867,-357,,,
0,4,,2,4928,-358,,,
0,1,3595,2,7095,1233,,,
0,1,5179,2,3651,1234,,,
0,1,3630,2,7106,1235,,,
0,1,3274,2,3868,1236,,,
0,1,3630,2,3908,1237,,,
0,1,3089,2,3867,1238,,,
1,1,3570,2,3811,1239,-188,-0.03,-0.06
0,4,7027,2,5410,1409,,,
0,1,3651,2,3811,1269,,,
0,1,3908,2,5298,1270,-189,0.18,0.2
0,1,3646,2,7111,-396,,,
1,4,3376,2,4936,1271,-145,0.01,-0.27
0,1,3744,2,3651,1272,133,0.02,0.02
0,1,3304,2,7132,1298,,,
0,4,3274,2,4943,1299,-252,0.03,0.24
0,1,7019,2,7170,1300,,,
0,4,4922,2,3881,1301,,,
0,4,3304,2,4940,1302,,,
0,4,3304,2,4940,1303,148,-0.01,-0.17
0,1,3689,2,3908,1312,,,
0,1,3795,2,3908,1313,,,
0,1,3795,2,3908,1314,,,
0,1,3684,2,3908,1315,,,
0,1,3921,2,7232,1316,,,
0,4,3274,2,4940,1317,-358,0.07,-0.18
0,1,3376,2,3881,1318,,,
0,1,5276,2,3961,1319,,,
0,1,3652,2,7225,1349,16,0.13,-0.07
0,1,7037,2,3908,1350,,,
0,1,3304,2,3903,1351,295,-0.18,0.15
0,1,3308,2,3376,1001,,,
0,1,2357,2,3421,1002,,,
0,1,,2,3914,1003,,,
0,1,3080,2,3586,1004,,,
0,1,3080,2,3586,1005,,,
0,1,3212,2,3304,1006,,,
0,1,2357,2,3376,1007,,,
0,1,3208,2,3595,1008,,,
0,4,,2,4905,1009,,,
0,1,3274,2,3904,1088,272,0.04,0.26
0,1,3258,2,3930,1089,224,-0.02,0.34
0,1,3333,2,3822,1090,,,
0,1,3661,2,3829,1091,,,
0,1,3206,2,3652,1092,,,
0,1,3274,2,3949,1093,,,
0,1,5179,2,3586,1094,,,
0,1,3308,2,3961,1105,,,
0,1,3289,2,3885,1106,,,
0,1,3630,2,3803,1107,,,
0,1,3258,2,3949,-183,,,
0,1,3208,2,3652,1108,,,
0,1,3212,2,3661,-186,,,
0,1,3259,2,3981,1109,,,
0,1,3692,2,3586,1110,,,
0,1,3274,2,3630,1112,,,
0,1,3338,2,3652,1111,,,
0,1,3733,2,3652,1113,,,
0,1,3274,2,5216,1149,,,
0,1,3376,2,3744,1150,,,
0,1,3304,2,5232,-245,,,
0,1,3338,2,5216,1151,,,
0,1,3879,2,5241,1152,,,
0,1,3212,2,5216,-247,,,
0,1,3391,2,3684,1153,,,
0,1,3884,2,3744,1154,,,
0,1,3586,2,7008,-252,,,
0,1,3586,2,5241,1155,,,
0,1,3208,2,5241,1156,,,
0,1,3595,2,5269,1207,,,
0,1,3688,2,5247,1208,-137,-0.04,-0.05
0,4,3304,2,4923,1209,,,
0,1,3617,2,5242,1210,,,
0,1,3304,2,3822,1211,,,
0,1,3661,2,3711,1212,,,
0,4,3304,2,4923,1213,,,
0,1,3879,2,7037,1225,,,
0,1,3274,2,7022,1226,,,
0,1,3822,2,3859,1227,-70,0.07,-0.39
0,4,3274,2,4928,1228,,,
0,4,3304,2,4930,1229,,,
0,1,3208,2,3908,1230,140,0.02,-0.05
0,4,3304,2,4930,-351,,,
0,1,3652,2,3651,1231,,,
0,1,3651,2,7190,1254,,,
0,1,3304,2,3811,1255,-117,-0.02,-0.26
0,1,3651,2,3881,1256,,,
0,1,3595,2,3822,1257,,,
0,1,3595,2,3822,1258,,,
0,1,3990,2,5300,1259,265,-0.04,-0.14
0,1,3744,2,3908,1288,-255,0.1,0.15
0,1,5246,2,3908,1289,88,0.08,0.19
0,1,5242,2,7019,1290,,,
0,1,3863,2,7172,1291,,,
0,1,7057,2,7019,1292,,,
0,1,5232,2,3851,1293,,,
0,1,3570,2,7170,-432,,,
0,1,3646,2,7172,1294,,,
0,1,3304,2,7187,1295,,,
0,1,7005,2,7174,1296,,,
0,1,3652,2,7165,-443,,,
0,1,3304,2,7132,1297,,,
0,1,3652,2,7165,-445,,,
0,1,5247,2,7218,1340,,,
0,1,3651,2,3758,1341,,,
0,1,7027,2,3961,1342,,,
0,1,3744,2,7237,1343,,,
0,1,5195,2,3803,1344,560,-0.23,0.41
0,1,3826,2,7209,1345,-5,-0.01,0.05
0,1,3733,2,7218,1346,,,
0,1,5232,2,3811,1347,,,
0,1,3795,2,7225,1348,,,
0,4,7049,2,4938,1385,-410,0.11,-0.24
0,4,3731,2,4938,1386,95,-0.01,-0.09
0,4,3651,2,5401,1387,-278,-0.06,-0.17
0,1,3904,2,3884,1388,132,0.02,0.04
0,4,7395,2,5442,1604,-348,-0.02,0.08
1,4,7398,2,5442,1605,-328,0.04,-0.12
0,4,3811,2,5442,1606,-209,0.01,0.15
1,4,7322,2,5442,1607,-183,-0.05,0.05
0,4,5410,2,5585,1608,-268,-0.09,-0.09
0,4,5411,2,5445,1609,-113,0.05,-0.17
0,4,4936,2,7022,1418,-188,0.03,0.02
0,1,5247,2,7207,1419,,,
0,1,3756,2,7207,1420,,,
0,4,7037,2,5412,1421,-601,0,0.11
0,1,5276,2,7279,1422,,,
0,4,7172,2,5409,1423,,,
0,1,7022,2,5534,1424,,,
0,4,4931,2,5534,1425,-44,-0.06,0.07
0,1,3908,2,3811,1426,,,
0,1,5282,2,3758,1325,-71,0.14,0.21
0,1,3756,2,3881,1326,,,
0,1,3826,2,7104,1355,402,-0.11,-0.29
0,1,3744,2,7214,1356,,,
0,1,3859,2,3966,1357,-179,0.06,-0.26
0,1,7022,2,3966,1358,,,
0,1,3822,2,7075,1359,,,
0,4,5232,2,5403,1360,-226,0.02,0.2
0,4,3744,2,4924,1361,,,
0,4,3689,2,5403,1380,,,
0,4,5280,2,5401,1381,-879,-0.03,-0.12
0,1,7054,2,3811,1382,-42,-0.12,-0.26
0,4,7190,2,5401,1383,-540,-0.11,0.03
0,1,5300,2,3966,1384,114,0.02,-0.24
0,1,3999,2,5542,1590,90,-0.01,-0.1
0,4,5409,2,5542,1591,401,-0.04,0.21
0,4,3803,2,5591,1592,261,-0.27,0.17
0,4,3443,2,5435,1593,-193,-0.03,-0.01
0,4,4938,2,5585,1594,13,-0.15,-0.02
0,4,5420,2,5542,1595,81,-0.17,0.21
0,4,5232,2,5439,1596,-697,0.04,0.07
1,4,5420,2,5542,1597,16,-0.14,0.08
0,4,5418,2,5585,1610,7,-0.1,0.25
0,4,3822,2,5445,1611,-183,0,-0.17
0,1,3758,2,5590,1612,316,-0.08,0
1,1,7214,2,5590,1613,518,-0.14,-0.07
0,4,4937,2,5584,1614,165,-0.11,0.04
0,1,3811,2,5590,1615,259,-0.15,-0.2
0,4,5418,2,5585,1616,-147,-0.17,-0.08
0,1,7209,2,5589,1617,102,-0.11,0.06
0,4,7347,2,5585,1618,240,-0.06,-0.07
0,4,4928,2,7053,1441,257,-0.02,-0.4
0,4,4936,2,7060,1442,,,
0,4,7057,2,4938,1364,-151,-0.01,0.01
0,1,3304,2,3966,1365,,,
0,4,3904,2,5409,1443,,,
0,1,3758,2,66666,1444,147,0.03,-0.06
1,4,7218,2,5420,1460,-631,-0.03,0.11
0,1,5300,2,7396,1461,,,
0,1,3851,2,7395,1462,16,0.05,0.22
0,1,3651,2,7404,1463,,,
0,1,3811,2,7395,1464,105,-0.07,-0.04
0,1,3795,2,7053,1465,-66,0.04,0.13
0,1,3904,2,7398,1466,309,-0.07,0.01
0,4,4940,2,5542,1467,,,
0,4,3811,2,7022,1488,,,
0,4,5403,2,7085,1489,,,
0,1,3966,2,3711,1490,,,
0,1,3586,2,7022,1491,,,
0,4,4930,2,7075,1492,,,
0,4,3908,2,4945,1493,-14,0.02,-0.1
0,4,3908,2,5419,1494,-480,-0.02,0.03
0,4,5402,2,7122,1495,-20,-0.06,0.17
0,1,3844,2,7053,1496,,,
1,4,5411,2,5567,1534,841,-0.11,-0.14
0,4,5410,2,5558,1535,437,-0.01,-0.27
0,4,5411,2,7343,1536,-17,-0.04,0.17
0,4,5230,2,4968,1537,-93,-0.03,0.06
0,4,5276,2,5429,1538,-463,0.01,-0.05
0,4,4922,2,7149,1539,-1,-0.01,0.16
1,4,5298,2,5429,1540,-408,0.16,0.07
0,4,3881,2,5427,1541,-544,0.05,-0.1
0,4,5410,2,5558,1542,-45,-0.01,-0.23
0,1,3811,2,5584,1543,130,-0.13,-0.14
1,4,5410,2,5584,1544,713,-0.07,-0.15
0,4,3903,2,5431,1554,-289,-0.15,0.04
0,4,4936,2,7053,1555,-62,0.03,-0.1
0,1,3908,2,7168,1556,,,
0,4,5401,2,7168,1557,-40,-0.12,0.06
0,1,7241,2,5579,1558,-50,-0.06,-0.09
0,1,3908,2,7168,1559,157,-0.04,0.2
0,4,4936,2,5578,1582,-73,-0.12,-0.01
0,4,7132,2,5402,1583,-237,-0.08,-0.2
0,1,3661,2,5578,1584,-189,-0.01,0.19
1,4,66666,2,5434,1585,-90,-0.01,-0.02
0,4,3961,2,4968,1586,54,-0.05,0.12
0,4,3954,2,5435,1587,-470,-0.02,-0.05
0,4,7085,2,5402,1588,-398,-0.03,-0.13
0,4,5242,2,5439,1589,-369,-0.01,-0.03
0,1,,2,2034,500,,,
0,1,,2,,509,,,
0,1,829,2,3053,511,,,
0,1,2091,2,3053,522,,,
0,1,2124,2,2176,525,,,
0,1,2176,2,2132,524,,,
0,1,2155,2,2132,541,,,
0,1,3053,2,2132,546,,,
0,1,2122,2,3070,547,,,
0,1,2154,2,3099,553,,,
0,1,2124,2,2176,558,,,
0,1,2091,2,2278,566,,,
0,1,,2,2287,572,,,
0,1,2122,2,3016,577,,,
0,1,2124,2,3123,591,,,
0,1,2122,2,2283,614,,,
1,4,5410,2,5591,1621,488,-0.06,0.15
0,4,3851,2,5412,1622,-508,-0.07,-0.22
1,4,5535,2,5447,1623,-399,-0.04,-0.3
0,4,5534,2,5412,1624,-647,0.07,0.1
1,4,3904,2,5412,1625,-564,0.03,-0.01
0,4,3884,2,4940,1328,,,
0,1,3990,2,7244,1329,,,
0,1,5267,2,3961,1330,,,
0,1,5267,2,7218,1331,,,
0,1,3921,2,7214,1332,,,
0,1,7027,2,7232,1333,,,
0,1,3651,2,7208,1334,,,
0,1,3686,2,7208,1335,,,
0,1,3651,2,5230,1336,439,-0.06,0.34
0,1,3487,2,7241,1337,,,
0,1,5269,2,5230,1338,156,0.02,0.32
0,4,3651,2,4937,-489,,,
0,4,3661,2,4937,1339,-320,0.02,0.25
0,1,5190,2,3961,1362,,,
0,1,3833,2,3961,1363,763,0.01,-0.07
0,1,3595,2,3811,1366,,,
0,1,3586,2,3274,-525,,,
0,4,3822,2,5402,1367,-502,0.01,-0.17
0,1,3930,2,3811,1368,,,
0,1,5300,2,3811,1389,-86,0.03,0.04
0,4,5243,2,4946,1390,-105,-0.04,0.18
0,1,3651,2,7260,1391,83,0.01,-0.35
0,1,3795,2,3711,1392,,,
0,4,3990,2,4938,1393,,,
0,1,3908,2,3811,1395,,,
1,4,7395,2,5435,1598,-217,0.03,0.04
1,4,7398,2,5409,1599,-300,0.01,-0.13
1,4,7347,2,5435,1600,-417,0.01,-0.17
1,4,5402,2,5585,1601,-153,-0.05,-0.1
0,4,7053,2,5409,1602,-555,0.11,-0.03
0,4,7347,2,5442,1603,-190,0.04,0.03
0,4,4923,2,5535,1410,370,-0.01,-0.24
0,4,3646,2,5410,1411,,,
0,4,3661,2,4946,1412,244,-0.01,-0.22
0,4,3661,2,4946,1413,,,
0,1,3826,2,7053,1414,,,
0,4,3733,2,5412,1415,-597,-0.08,0.28
0,1,3981,2,7022,1416,,,
0,1,3908,2,5534,1417,-63,0.05,0.2
0,4,3822,2,5412,1446,,,
0,4,4940,2,3954,1447,,,
0,4,4937,2,7085,1449,73,-0.1,-0.04
0,4,3651,2,5409,1450,-235,0.07,0.13
0,4,7232,2,5409,1451,-129,0.09,-0.23
0,1,3881,2,3999,1452,-241,0.1,-0.26
0,4,4922,2,7060,1453,-64,-0.03,-0.25
0,1,3758,2,3999,1468,-17,-0.07,0.16
0,1,3684,2,7398,1469,,,
0,4,3651,2,4928,1470,,,
0,1,3661,2,7060,1471,171,-0.07,0.17
0,1,3686,2,7347,1472,7,0.02,-0.02
0,4,4937,2,5542,1473,353,-0.07,0.21
0,1,3990,2,7060,1474,336,0.05,-0.1
0,1,5195,2,7075,1475,,,
0,1,3863,2,7053,1497,12,-0.05,-0.23
0,4,4924,2,7085,1498,174,0.07,0.28
0,4,3811,2,5419,1499,-591,-0.17,0.03
0,4,7132,2,5419,1500,-401,-0.06,0.07
0,4,5242,2,5426,1501,68,-0.04,0.36
0,1,5232,2,5565,1502,258,-0.23,-0.05
0,4,4943,2,5565,1503,,,
0,4,3908,2,5426,1504,,,
0,4,3661,2,5426,1505,,,
0,4,7237,2,5443,1619,-474,-0.04,-0.28
0,1,3758,2,7141,1527,-194,-0.01,0.03
0,1,3811,2,5577,1528,201,-0.11,-0.04
0,1,3811,2,5567,1529,326,-0.12,-0.21
0,4,3651,2,5427,1530,78,0.02,0.18
0,4,4940,2,7149,1531,121,0.03,-0.01
0,1,3758,2,5567,1532,154,-0.1,0.04
0,1,7218,2,5567,1533,-325,-0.19,-0.23
1,4,3908,2,7168,1560,282,-0.04,0.05
1,4,5412,2,7181,1561,-180,-0.1,0.06
0,4,5534,2,5431,1562,,,
1,1,3826,2,5578,1563,-205,-0.04,0.12
0,4,7207,2,5431,1564,-730,-0.06,0.09
0,4,5247,2,4966,1565,-519,-0.15,-0.08
0,4,3811,2,5584,1566,,,
0,4,3908,2,5434,1567,17,-0.04,0.23
1,4,4938,2,5584,1575,477,-0.03,-0.15
0,1,3811,2,5591,1576,,,
0,4,4938,2,5591,1577,289,-0.12,0.13
0,4,3859,2,5430,1578,-417,-0.04,-0.03
1,1,3811,2,5591,1579,331,-0.14,0.14
1,4,5409,2,5542,1580,145,-0.03,0.08
0,4,4940,2,5591,1581,616,-0.14,0.15
0,1,,2,2154,404,,,
0,1,,2,,544,,,
0,1,2132,2,2154,466,,,
0,1,2122,2,2154,468,,,
0,1,829,2,3053,473,,,
0,1,2054,2,2176,481,,,
0,1,2054,2,3059,493,,,
0,1,730,2,2122,499,,,
0,4,5534,2,5447,1627,137,-0.04,0.02
0,4,5420,2,5412,1628,-1039,-0.01,0.06
0,4,3903,2,5447,1629,-520,-0.14,-0.2
1,4,5419,2,5542,1631,300,-0.08,0.03
0,4,3908,2,5448,1632,-467,0.01,0.07
0,4,5419,2,5585,1634,-132,-0.22,-0.06
0,1,3863,2,5534,1427,,,
0,1,5241,2,3811,1428,,,
0,1,3822,2,7053,1429,,,
0,1,5242,2,7207,1430,,,
0,4,7132,2,5410,1431,,,
0,1,3908,2,7347,1476,222,-0.02,-0.1
0,1,3811,2,7398,1477,149,-0.09,-0.14
0,1,3595,2,7085,1478,446,0.07,0.12
0,1,7106,2,7053,1479,,,
0,4,3803,2,5418,1480,-520,-0.15,0.43
0,4,4938,2,5559,1520,65,-0.14,0.06
1,4,4937,2,5565,1521,-125,-0.09,-0.27
0,1,3795,2,7077,1522,,,
0,1,3811,2,5559,1523,-181,-0.1,0.19
0,4,7214,2,4968,1524,-58,-0.06,-0.04
0,4,3961,2,5426,1525,-1008,-0.07,0.12
1,4,5401,2,7149,1526,111,0.02,-0.11
0,4,7022,2,5584,1545,270,-0.08,-0.03
0,4,7237,2,4966,1546,-299,-0.06,-0.13
0,4,7207,2,5428,1547,-532,-0.05,-0.02
0,4,7208,2,5428,1548,-622,-0.03,-0.25
0,4,4946,2,5567,1549,,,
0,4,5534,2,5431,1550,-726,0.01,-0.01
0,1,7022,2,7168,1551,83,-0.03,0.02
0,4,5300,2,5429,1552,-291,-0.01,-0.11
0,4,5410,2,5542,1553,-62,-0.14,0.14
0,4,4924,2,7075,1568,-96,-0.02,0.15
0,4,4930,2,5591,1569,22,-0.12,0.04
0,4,5412,2,7181,1570,13,-0.15,-0.02
0,4,5409,2,7168,1571,28,-0.07,0.06
0,4,5411,2,5542,1572,373,-0.11,-0.01
0,4,3863,2,5434,1573,-61,-0.15,-0.02
0,4,7053,2,5430,1574,-349,-0.09,0.01
1,4,5449,2,5466,1974,-315,0.04,-0.08
1,4,5455,2,5715,1975,261,-0.04,-0.07
1,4,5450,2,5637,1976,144,0,0.16
0,4,5454,2,5461,1977,,,
0,4,5409,2,5719,1978,40,-0.04,-0.1
1,4,5435,2,5466,1979,-395,0.02,-0.13
1,4,5591,2,5467,1980,244,-0.03,0.08
1,4,5409,2,5719,1981,121,-0.03,-0.06
0,4,5435,2,5715,1982,200,-0.07,-0.17
1,4,3811,2,5447,1983,-679,-0.05,-0.21
1,4,5639,2,5451,1984,-248,0.02,0.09
1,4,5558,2,5467,1985,9,-0.05,-0.04
1,4,5450,2,5637,1986,72,0,0.17
1,4,5446,2,5637,1987,-96,0.01,-0.14
1,4,5457,2,5687,1988,56,-0.03,-0.05
1,4,5455,2,5719,1989,278,-0.04,-0.02
1,4,5542,2,5466,1990,-179,-0.06,0
1,4,5565,2,5447,1991,-647,-0.08,-0.31
1,4,5639,2,5449,1992,-281,0.04,-0.09
1,4,5457,2,5461,1993,-173,0.02,0.04
1,4,7075,2,5459,1994,-187,-0.02,0.06
1,4,5447,2,5455,1995,-200,-0.02,-0.15
0,4,5558,2,5467,1996,219,-0.01,-0.14
1,4,5458,2,5687,1997,231,-0.01,-0.07
1,4,5542,2,5455,1998,150,-0.04,0.02
1,4,5457,2,5637,1999,179,0,0.03
1,4,5451,2,5466,2000,-283,0.01,-0.03
1,4,5637,2,5451,2001,-274,0.04,0.09
1,4,5445,2,5719,2002,241,-0.09,0.02
1,4,5458,2,5687,2003,231,-0.01,-0.07
1,4,5591,2,5449,2004,-89,0.01,-0.08
1,4,5460,2,5687,2005,231,-0.01,-0.07
1,4,5535,2,5451,2006,-267,-0.02,0.08
1,4,5444,2,5637,2007,73,-0.04,0.11
1,4,5428,2,5461,2008,-111,-0.05,-0.09
1,4,5458,2,5687,2009,231,-0.01,-0.07
1,4,5457,2,5637,2010,136,0,-0.02
1,4,7398,2,5453,2011,-504,-0.02,-0.12
1,4,4129,2,5720,2012,-162,-0.02,-0.21
1,4,4129,2,5720,2013,-207,-0.01,-0.17
1,4,5451,2,5719,2014,129,-0.02,-0.05
1,4,5639,2,5468,2015,-130,-0.03,-0.07
0,1,,2,,406,,,
0,4,5434,2,5402,1693,-284,-0.05,0.02
0,4,5247,2,4129,1694,-278,-0.01,-0.17
0,4,5431,2,5402,1695,-428,-0.05,-0.03
1,4,3961,2,4129,1696,275,-0.01,-0.1
0,4,5534,2,5446,1697,-658,0.06,-0.09
1,4,7168,2,5449,1699,-171,-0.01,-0.07
1,4,7075,2,5449,1700,-374,0.04,-0.06
1,4,5591,2,5428,1701,-221,-0.09,-0.17
0,4,3999,2,5409,1728,-477,0.01,-0.16
0,4,5559,2,5402,1729,-533,-0.03,0.07
0,1,5565,2,5579,1730,197,-0.17,-0.09
0,4,5590,2,5444,1731,-500,-0.06,-0.04
0,4,3859,2,5428,1732,-464,0.02,-0.44
1,4,5447,2,5446,1733,-863,0.03,-0.31
0,4,7353,2,5450,1734,-574,0.06,0.32
0,4,3731,2,5409,1735,-370,0.07,-0.13
1,4,5589,2,5409,1736,-315,0.03,-0.07
1,4,7075,2,4129,1737,-83,-0.03,-0.11
1,4,5565,2,4129,1738,-272,-0.04,-0.28
0,4,5448,2,5542,1761,188,-0.11,0.12
1,4,5403,2,5639,1764,-74,-0.04,0.09
0,4,4968,2,5452,1765,-29,-0.03,-0.02
0,4,5412,2,5638,1766,-357,0.01,-0.03
1,4,5419,2,5639,1768,-243,-0.12,0.01
0,4,4928,2,3908,1352,168,0.05,-0.07
0,4,4936,2,3811,1353,,,
0,1,5246,2,7243,1354,,,
0,4,3884,2,4938,1369,-64,-0.07,-0.31
0,4,3595,2,4938,1370,68,0.08,0.04
0,4,3868,2,5402,1371,,,
0,4,3274,2,5402,1372,,,
0,4,3744,2,5402,1373,,,
0,1,3884,2,3908,1374,,,
0,1,3661,2,7282,1375,,,
0,4,3651,2,5403,1376,,,
0,4,3651,2,5401,1377,,,
0,1,3570,2,3966,1378,,,
0,1,3851,2,3811,1379,,,
0,4,3686,2,4948,1396,,,
0,4,3811,2,5410,1397,-9,0.04,-0.15
0,1,3661,2,7322,1398,,,
0,1,5267,2,7320,1399,,,
0,4,3651,2,5411,1400,,,
1,1,5242,2,7322,1401,308,-0.21,-0.15
0,1,5242,2,3954,1402,113,-0.1,0.02
0,1,3652,2,7208,1432,,,
0,1,5195,2,7350,1433,,,
0,4,4940,2,5542,1434,132,-0.15,0.07
0,1,3833,2,7279,1435,,,
0,1,7132,2,5542,1436,348,-0.13,0.14
0,1,3859,2,7348,1437,,,
0,1,5242,2,7361,1438,,,
0,1,3930,2,3822,1439,,,
0,4,7214,2,4938,1454,-301,-0.04,0.11
0,4,3758,2,5409,1455,-262,0.17,0.14
0,1,3372,2,3999,1456,-221,-0.15,-0.13
0,4,5230,2,5420,1457,-639,-0.06,0.12
0,1,3961,2,5542,1458,137,-0.22,0.18
0,1,3595,2,3999,1459,-104,-0.15,-0.22
0,4,7027,2,4945,1481,-234,0.04,-0.09
0,1,3908,2,5542,1482,356,-0.08,0.11
0,4,4924,2,7347,1483,119,-0.04,0.16
0,1,5247,2,7075,1484,253,-0.07,0.07
0,4,3903,2,5420,1485,,,
0,1,7027,2,7440,1486,,,
0,4,7218,2,5418,1487,-621,-0.07,-0.01
0,4,4940,2,5565,1506,138,-0.1,0.12
0,1,7190,2,7429,1507,,,
0,1,3756,2,7387,1508,,,
0,1,7243,2,7122,1509,,,
0,1,3822,2,7053,1510,-71,0.07,0.03
0,4,3903,2,5426,1511,-544,-0.04,0.09
0,4,7054,2,5419,1512,,,
0,4,3961,2,5419,1513,-440,-0.05,0.34
0,1,3904,2,5568,1514,-135,0.01,0.05
0,4,3731,2,5419,1515,,,
0,4,3731,2,5419,1516,,,
0,4,3966,2,5419,1517,-474,-0.08,-0.13
0,4,3930,2,5426,1518,-61,0.08,0.31
0,1,3822,2,7149,1519,,,
0,4,7022,2,5412,1620,,,
1,1,3811,2,5591,1666,279,-0.1,0.05
0,4,7168,2,5448,1667,-586,0.02,-0.04
1,4,5411,2,5591,1668,474,-0.1,0.11
0,4,5420,2,5535,1669,-366,-0.07,-0.02
0,4,7209,2,5439,1670,-629,0.08,0.04
1,4,7075,2,5428,1671,-164,-0.06,-0.28
0,4,7168,2,5542,1672,280,-0.17,0.3
1,4,5428,2,5542,1673,74,-0.09,0.14
0,4,7053,2,5402,1674,-474,0.04,-0.08
1,4,5430,2,5446,1702,-711,0.03,-0.24
0,4,3881,2,5439,1703,-808,0.15,-0.05
1,4,5402,2,5542,1704,190,-0.15,-0.03
0,4,5409,2,5428,1705,-732,-0.03,-0.04
1,4,5591,2,5428,1706,-264,-0.09,-0.18
1,4,5578,2,5449,1707,-519,0.05,-0.07
0,4,5542,2,5428,1708,-242,-0.05,-0.11
1,4,4930,2,5542,1709,474,-0.15,0.13
0,4,4938,2,5558,1710,131,-0.09,-0.03
0,4,7141,2,5444,1711,-727,0.02,0.08
0,4,5542,2,5428,1712,-389,-0.1,-0.14
0,4,5439,2,5428,1713,-614,-0.02,-0.25
0,4,3908,2,5450,1714,-353,0.05,0.25
0,4,5442,2,5446,1715,-838,0.04,-0.12
1,4,5412,2,5444,1739,-912,0.04,0.05
1,4,7398,2,5451,1740,-193,-0.01,0.03
1,4,5419,2,5638,1741,-77,-0.01,-0.01
1,4,5558,2,5444,1742,-411,0.02,-0.08
0,4,5242,2,5451,1743,-74,-0.07,0.05
1,4,3904,2,5450,1744,-384,0.02,0.28
1,4,5591,2,5428,1745,-185,-0.05,-0.17
1,4,5565,2,5449,1746,-257,0.01,-0.07
0,4,5447,2,5450,1747,-697,-0.05,0.18
0,4,5428,2,5450,1748,-703,0,0.27
0,4,7053,2,5409,1749,-399,0.11,-0.03
1,4,5584,2,5453,1777,-340,0.01,-0.13
0,4,5591,2,5450,1778,-292,-0.04,0.35
1,4,5430,2,4129,1779,-418,-0.01,-0.16
0,4,5578,2,5450,1781,-531,0.02,0.38
0,4,7085,2,5449,1782,-239,0.09,0.01
1,4,5402,2,4129,1783,-328,-0.03,-0.24
0,4,5579,2,5450,1784,-263,-0.06,0.35
0,4,5439,2,5452,1786,-267,-0.01,0.05
1,4,7322,2,5449,1787,-172,-0.05,-0.2
1,1,3811,2,5595,1642,-158,-0.1,-0.28
1,4,3651,2,5435,1643,-122,-0.05,-0.2
0,4,4940,2,5584,1644,399,-0.12,-0.18
0,4,5559,2,5449,1645,-443,-0.02,0.05
1,4,7149,2,5449,1646,-254,0.08,-0.28
1,4,3803,2,5439,1647,-467,-0.02,-0.07
0,4,5409,2,5589,1648,40,-0.06,-0.07
0,1,3859,2,5590,1649,357,-0.07,-0.38
0,4,5577,2,5402,1650,-453,-0.04,0.03
0,1,3811,2,5591,1651,276,-0.15,0.28
1,4,5567,2,5402,1652,-33,-0.04,-0.15
1,4,5411,2,4129,1654,-241,0.05,-0.32
1,4,5427,2,5542,1655,87,-0.05,0.03
1,4,7149,2,5402,1656,-554,0.02,0.11
1,4,7149,2,5402,1657,-273,0.05,-0.08
0,1,3908,2,5591,1658,391,-0.11,0.29
0,4,5584,2,5446,1659,-195,-0.01,-0.32
0,4,5401,2,5558,1660,142,-0.1,-0.17
0,4,5429,2,5449,1661,-557,0.06,-0.15
0,1,7347,2,5558,1663,342,-0.07,-0.15
0,4,5230,2,5448,1664,-549,0.05,0.11
1,4,5276,2,5448,1665,-701,0.05,-0.12
1,4,5410,2,5558,1675,148,-0.02,-0.16
0,4,5542,2,5402,1676,-483,-0.1,0.06
0,4,5418,2,5535,1677,-147,-0.1,-0.06
1,1,3999,2,5535,1678,2,-0.11,-0.03
0,4,4945,2,5558,1679,332,-0.06,-0.18
1,4,3903,2,5445,1680,-74,-0.1,0.07
0,4,5579,2,5445,1681,-359,-0.06,0.04
1,4,4945,2,5445,1682,-346,-0.01,-0.12
1,4,4966,2,5542,1684,64,-0.19,0.03
0,4,7181,2,5444,1685,-526,-0.06,0.18
0,4,5403,2,5558,1686,147,-0.03,0.08
1,4,7104,2,5445,1687,-85,-0.07,-0.08
0,4,5418,2,5558,1688,-123,-0.11,0.16
0,4,5534,2,5449,1689,-385,0.07,-0.07
0,4,5412,2,5591,1690,46,-0.16,0.25
0,4,5542,2,5402,1691,-338,-0.04,-0.03
1,4,5402,2,5590,1692,-178,-0.07,-0.12
1,4,5577,2,5451,1716,478,-0.17,-0.13
1,4,5442,2,5542,1717,257,-0.1,0.03
1,4,7260,2,5409,1718,-325,0.09,-0.27
0,4,7347,2,5451,1719,-267,0.05,0.09
0,4,5442,2,5446,1720,-759,0.04,-0.15
1,4,5559,2,5451,1721,-235,-0.03,0.13
0,4,7149,2,5446,1722,-664,0.04,-0.08
0,4,5419,2,5450,1723,-674,-0.01,0.22
0,1,7398,2,5590,1724,532,-0.15,-0.11
0,4,5429,2,5446,1725,-868,0.13,-0.13
1,4,5442,2,5446,1750,-755,0.02,-0.14
1,4,5585,2,5402,1751,-322,-0.01,-0.06
1,4,5420,2,4129,1752,-525,-0.01,-0.14
1,4,4945,2,5409,1753,-373,0.09,-0.15
1,4,5578,2,5402,1754,-545,0,0.03
1,4,5431,2,5637,1755,-12,-0.01,-0.02
1,4,7168,2,5451,1756,-189,0.02,0.2
1,4,5431,2,5638,1758,-202,-0.03,0.01
0,4,7168,2,5452,1759,-20,-0.06,0.03
0,4,7181,2,5439,1760,-716,0.04,0.04
1,4,5542,2,5449,1792,-125,0.03,-0.03
1,4,4938,2,5451,1793,-299,0.01,-0.06
1,4,5584,2,5450,1794,-237,-0.04,0.19
0,4,4968,2,5450,1795,-410,0,0.34
0,4,5449,2,5450,1796,-658,0.01,0.31
1,4,5591,2,5456,1798,-307,-0.14,0.09
1,4,5439,2,5638,1799,-71,-0.01,-0.06
1,4,5449,2,5454,1800,-127,0.04,-0.14
1,4,5409,2,5558,1801,131,-0.07,-0.15
1,4,3961,2,5455,1802,382,0.01,-0.04
1,4,5435,2,5454,1803,-209,0.01,-0.09
0,4,5434,2,5449,1804,-317,0.04,-0.02
0,4,5409,2,5450,1805,-554,0.06,0.35
0,4,3881,2,5449,1806,-508,0.12,-0.19
0,4,5590,2,5455,1807,179,-0.04,-0.19
1,4,5435,2,5449,1827,-434,0.07,-0.11
1,4,5558,2,5455,1828,74,-0.01,-0.08
1,4,5542,2,5455,1829,37,-0.05,0.07
0,4,3904,2,5454,1830,53,-0.01,0.06
1,4,7149,2,5450,1831,-376,0.04,0.28
1,4,5442,2,5450,1832,-528,0,0.3
0,4,5542,2,4129,1833,-59,-0.03,-0.13
1,4,7347,2,5439,1834,-567,0.07,0.09
1,4,7053,2,5457,1835,-346,0.03,0.08
1,4,5444,2,5558,1836,18,-0.1,0.01
1,4,5445,2,5457,1837,-350,-0.04,0.05
1,4,5418,2,4983,1838,-258,-0.02,0.09
0,4,5448,2,4982,1839,-461,0.04,-0.02
0,4,5542,2,5457,1840,-281,-0.09,0.03
1,4,5426,2,4983,1841,36,0.03,0.06
1,4,5427,2,5639,1842,91,-0.03,0.08
1,4,5558,2,5458,1843,-62,-0.06,0.08
1,4,4968,2,5460,1844,-29,-0.03,-0.02
1,4,5402,2,5458,1845,-169,-0.02,-0.02
0,4,3651,2,5439,1846,-339,0.06,0.07
1,4,3811,2,5462,1879,-94,-0.02,-0.03
1,4,5402,2,4972,1880,-227,0.08,-0.15
1,4,5411,2,5463,1881,-132,0.01,-0.11
1,4,7149,2,5461,1882,56,0.01,-0.06
1,4,5434,2,5659,1883,199,-0.08,-0.1
1,4,5448,2,5463,1884,-475,0.02,-0.07
0,4,3904,2,4129,1626,-73,0.03,-0.01
0,4,5402,2,5584,1636,20,-0.08,-0.24
1,4,5565,2,5448,1637,-437,-0.04,0.16
1,4,3903,2,5439,1638,-533,-0.02,0.1
0,4,5412,2,5595,1640,-330,-0.12,0.04
0,1,3803,2,5579,1639,348,-0.17,0.14
0,4,66666,2,5439,1641,-483,0.07,-0.05
1,4,5435,2,5454,1808,-97,-0.02,-0.01
1,4,4940,2,5455,1809,-179,0.04,-0.09
1,4,5591,2,5455,1810,166,-0.07,0.07
1,4,5591,2,5455,1811,138,-0.08,0.14
0,4,5439,2,5454,1812,-349,0.02,0.04
1,4,5402,2,5449,1813,-603,0.06,-0.08
1,4,5434,2,5450,1814,-482,0.02,0.27
1,4,5584,2,5455,1815,65,-0.07,-0.07
1,4,4129,2,5638,1816,42,0.02,-0.19
0,4,5409,2,5450,1817,-714,0.08,0.27
0,4,3884,2,5455,1819,66,0.01,0.02
1,4,4940,2,5455,1820,74,-0.01,-0.09
0,4,3884,2,5455,1818,-373,0.03,-0.2
0,4,5442,2,4129,1821,-374,0.03,-0.2
1,4,5402,2,5454,1822,-137,0.03,-0.04
1,4,5558,2,5456,1823,-367,-0.05,-0.08
1,4,7398,2,5454,1824,155,-0.04,0.01
0,4,3811,2,5456,1825,-459,-0.06,-0.12
1,4,5542,2,5455,1826,140,-0.09,0.15
1,4,4945,2,5465,1925,-132,0.01,-0.06
1,4,5453,2,5461,1926,-302,-0.01,-0.05
1,4,5439,2,5688,1927,-35,-0.07,-0.02
1,4,5450,2,5467,1928,-287,0.03,0.16
1,4,5428,2,5466,1929,-393,-0.03,-0.19
1,4,7347,2,5447,1930,-525,-0.05,-0.1
1,4,5446,2,5637,1931,-20,0.01,-0.1
1,4,5639,2,5467,1932,-130,-0.03,-0.07
1,4,5426,2,4972,1933,-56,0.04,0.08
1,4,5401,2,4475,1934,-139,-0.03,-0.09
1,4,4129,2,5637,1935,127,-0.02,-0.06
1,4,5445,2,5637,1936,163,-0.02,-0.04
1,4,5590,2,5459,1938,-255,-0.08,0.07
1,4,5638,2,5467,1937,-179,0.01,-0.02
1,4,5453,2,5637,1939,53,-0.01,-0.09
1,4,4129,2,5637,1940,172,-0.03,-0.1
1,4,5448,2,5466,1941,-405,-0.01,0.04
1,4,5542,2,4476,1942,95,-0.08,-0.02
1,4,5428,2,4475,1943,-111,-0.05,-0.09
0,4,5450,2,5466,1944,-318,-0.02,0.14
1,4,5449,2,4477,1945,-193,0.04,-0.04
1,4,5447,2,4475,1946,-251,0.01,-0.19
0,4,,2,,1947,,,
1,4,5428,2,5688,1948,-134,-0.07,-0.09
1,4,5542,2,5451,1949,-31,-0.04,0.16
1,4,7702,2,5451,1950,-56,0,0.16
1,4,5449,2,4972,1951,-159,0.08,-0.22
1,4,5444,2,5449,1952,-674,0.07,-0.11
1,4,5449,2,5466,1953,-273,-0.01,-0.14
0,4,5590,2,4476,1954,-89,-0.04,-0.06
0,4,5402,2,4476,1955,-251,0.01,-0.09
1,4,5431,2,5688,1956,88,-0.13,-0.08
1,4,5450,2,5688,1957,27,-0.04,0.11
1,4,5449,2,5637,1958,177,0.01,0.01
1,4,5409,2,5466,1959,-337,0.02,-0.11
1,4,4129,2,5449,1960,-189,0.05,-0.18
1,4,5455,2,5466,1961,-187,0.02,-0.04
1,4,5455,2,5637,1962,336,-0.01,0.02
1,4,5455,2,5466,1963,-187,0.02,-0.04
1,4,5590,2,5449,1964,-67,-0.02,-0.17
1,4,5455,2,5461,1965,,,
1,4,5454,2,5687,1966,231,-0.01,-0.07
1,4,4129,2,5688,1967,112,-0.03,-0.23
1,4,5442,2,5688,1968,68,-0.04,-0.13
1,4,4936,2,5451,1969,-340,0.05,-0.04
1,4,5542,2,5461,1970,44,-0.03,0.02
1,4,5455,2,5687,1971,231,-0.01,-0.07
1,4,7149,2,4972,1972,-35,0.07,-0.16
1,4,5454,2,5637,1973,336,-0.01,0.02
0,1,730,2,2357,628,,,
0,1,2176,2,3123,635,,,
0,1,3053,2,3208,632,,,
0,1,3053,2,2343,637,,,
0,1,2225,2,2335,639,,,
0,1,2176,2,2357,638,,,
0,1,2225,2,2335,642,,,
0,1,3053,2,3148,683,,,
0,1,2278,2,2335,684,,,
0,1,2132,2,3148,686,,,
0,1,2283,2,2357,688,,,
0,1,,2,3240,689,,,
0,1,2225,2,3241,702,,,
0,1,2287,2,2363,708,,,
0,1,,2,,714,,,
0,1,,2,,723,,,
0,1,,2,,729,,,
0,1,3089,2,3212,713,,,
0,1,3070,2,3080,740,,,
0,1,3053,2,3241,715,,,
0,1,3070,2,2335,716,,,
0,1,3080,2,2335,717,,,
0,1,3089,2,3208,718,,,
0,1,3070,2,3208,721,,,
0,1,2352,2,2335,724,,,
1,4,5591,2,5449,1789,-18,-0.02,-0.05
0,1,3803,2,5637,1790,630,-0.13,0.2
1,4,5449,2,5458,1848,-193,0.04,-0.04
1,4,4129,2,5457,1849,-176,0.01,-0.03
0,4,5449,2,5639,1850,-346,-0.01,-0.1
1,4,4129,2,5457,1851,-399,0.01,-0.08
1,4,5444,2,5458,1852,-348,0.01,0.03
1,4,5449,2,5458,1853,-86,-0.01,-0.04
1,4,5439,2,5638,1855,-104,-0.01,0.02
1,4,5447,2,5459,1856,-563,0.02,-0.17
1,4,5428,2,5459,1857,-423,-0.03,-0.07
0,4,5428,2,5451,1858,-388,0.01,0.04
0,4,3999,2,5439,1860,-634,-0.03,-0.05
1,4,5591,2,5460,1865,138,-0.08,0.14
1,4,5451,2,5460,1866,239,-0.09,-0.07
1,4,5542,2,5459,1867,-185,-0.04,0.04
1,4,7149,2,5460,1868,-1,-0.01,0.08
1,4,5442,2,5659,1869,80,-0.05,-0.15
1,4,7322,2,5460,1870,154,-0.11,-0.08
1,4,5439,2,5659,1871,10,-0.08,-0.12
0,4,7075,2,5660,1872,174,-0.11,0.13
1,4,5542,2,5460,1873,44,-0.03,0.02
0,4,5567,2,5462,1874,163,-0.06,-0.11
1,4,5579,2,5462,1875,-25,-0.03,-0.05
1,4,5451,2,5687,1876,93,0,0.02
1,4,5435,2,5463,1877,-333,0,-0.1
0,4,5449,2,5687,1878,-48,0.02,-0.15
0,1,2132,2,,805,,,
0,1,2357,2,3289,791,,,
0,1,2176,2,3212,792,,,
0,1,,2,5182,793,,,
0,1,2283,2,3235,799,,,
0,1,3168,2,,800,,,
0,1,,2,3274,801,,,
0,1,,2,5181,804,,,
0,1,2363,2,2357,803,,,
0,1,829,2,2278,567,,,
0,1,2091,2,3089,582,,,
0,1,3053,2,2287,586,,,
0,1,2154,2,3070,587,,,
0,1,2124,2,2283,589,,,
0,1,3053,2,3123,592,,,
0,1,2124,2,3123,590,,,
0,1,2141,2,2278,605,,,
0,1,2124,2,2278,611,,,
0,1,2242,2,3082,616,,,
0,1,829,2,3070,618,,,
0,1,813,2,3089,623,,,
0,1,,2,2352,626,,,
0,1,787,2,2357,648,,,
0,1,,2,3070,649,,,
0,1,2176,2,2363,651,,,
0,1,2091,2,2363,656,,,
0,1,2154,2,2343,660,,,
0,1,2154,2,2357,662,,,
0,1,2132,2,2376,664,,,
0,1,2287,2,3080,676,,,
0,1,3123,2,3080,678,,,
0,1,3053,2,3208,679,,,
0,1,,2,3080,680,,,
0,1,,2,3208,681,,,
0,1,3099,2,3080,682,,,
0,1,3089,2,2335,697,,,
0,1,2278,2,3241,705,,,
0,1,,2,3168,698,,,
0,1,,2,3168,700,,,
0,1,,2,,703,,,
0,1,2122,2,3212,707,,,
0,1,3099,2,3241,733,,,
0,1,2154,2,2335,737,,,
0,1,2154,2,2335,734,,,
0,1,2154,2,2335,735,,,
0,1,3016,2,2335,736,,,
0,1,,2,2132,746,,,
0,1,3099,2,3241,758,,,
0,1,,2,3212,749,,,
0,1,2287,2,3123,751,,,
0,1,2363,2,2335,752,,,
0,1,2283,2,3212,753,,,
0,1,,2,3212,756,,,
0,1,2124,2,3241,757,,,
0,1,2196,2,3208,759,,,
0,1,930,2,3250,761,,,
0,1,2176,2,3148,760,,,
0,1,3123,2,3208,762,,,
0,1,3070,2,3274,763,,,
0,1,3070,2,3148,774,,,
0,1,3208,2,2357,775,,,
0,1,,2,,776,,,
0,1,,2,3258,777,,,
0,1,,2,3258,778,,,
0,1,3333,2,3376,951,,,
0,1,3266,2,3481,952,,,
0,1,3212,2,3369,953,,,
0,1,2357,2,3391,954,,,
0,1,3206,2,3338,955,,,
0,1,2363,2,3481,956,,,
0,4,2278,2,4906,957,,,
0,1,3235,2,3376,958,,,
0,1,2357,2,3661,959,,,
0,4,5542,2,5452,1769,174,-0.07,0.07
0,4,5579,2,5453,1770,-603,-0.01,-0.09
1,4,5534,2,5449,1771,-320,0.07,-0.06
0,4,5300,2,5439,1772,-494,0.07,-0.06
0,4,5585,2,5450,1773,-433,-0.03,0.4
0,4,5402,2,5637,1774,99,-0.01,-0.09
1,4,5428,2,5639,1775,-259,-0.05,-0.13
0,4,7053,2,5439,1776,-498,0.07,-0.19
0,1,,2,5180,794,,,
0,1,2357,2,3106,796,,,
0,1,3168,2,2357,795,,,
0,1,,2,3106,797,,,
0,1,3123,2,3212,798,,,
0,1,,2,5181,802,,,
0,1,,2,3289,806,,,
0,1,3070,2,5181,807,,,
0,1,2337,2,3301,808,,,
0,1,3059,2,5180,809,,,
0,1,2176,2,3070,594,,,
0,1,2124,2,3089,595,,,
0,1,3053,2,2303,596,,,
0,1,2122,2,3089,600,,,
0,1,2124,2,2278,601,,,
0,1,2154,2,2283,604,,,
0,1,3070,2,3123,643,,,
0,1,2091,2,2335,645,,,
0,1,2132,2,2357,647,,,
0,1,3099,2,2337,666,,,
0,1,,2,2357,669,,,
0,1,,2,,699,,,
0,1,,2,2283,670,,,
0,1,3089,2,3080,671,,,
0,1,2154,2,3080,674,,,
0,1,3089,2,2357,690,,,
0,1,3053,2,3212,693,,,
0,1,3053,2,2340,694,,,
0,1,3070,2,3148,692,,,
0,1,,2,4198,695,,,
0,1,2357,2,3070,725,,,
0,1,3089,2,3208,728,,,
0,1,2343,2,2335,730,,,
0,1,2278,2,3241,731,,,
0,1,3148,2,3148,732,,,
0,1,,2,3168,743,,,
0,1,3016,2,3212,744,,,
0,1,3089,2,3080,747,,,
0,1,,2,3168,754,,,
0,1,2311,2,3241,748,,,
0,1,3080,2,,770,,,
0,1,2335,2,3258,820,,,
0,1,3089,2,3274,773,,,
0,1,2357,2,3258,779,,,
0,1,2343,2,3259,780,,,
0,1,,2,3148,782,,,
0,1,,2,,783,,,
0,1,,2,3800,945,,,
0,1,3212,2,3304,946,,,
0,1,3208,2,3800,947,,,
0,1,3274,2,3304,948,,,
0,1,3274,2,3304,949,,,
0,1,3106,2,3800,950,,,
0,1,2287,2,5180,810,,,
0,1,2287,2,,811,,,
0,1,,2,3289,812,,,
0,1,,2,3212,813,,,
0,1,2352,2,3235,814,,,
0,1,2287,2,3259,815,,,
0,1,241,2,2363,817,,,
0,1,3212,2,3258,818,,,
0,1,3241,2,3274,825,,,
0,1,3053,2,3304,826,,,
0,1,2335,2,3304,827,,,
0,1,2357,2,3258,828,,,
0,1,2357,2,3274,829,,,
0,1,2176,2,3274,830,,,
0,1,3212,2,3274,848,,,
0,1,2363,2,3274,849,,,
0,1,3181,2,3241,850,,,
0,1,3070,2,3241,851,,,
0,1,2357,2,3241,852,,,
0,1,3208,2,3274,853,,,
0,1,,2,3289,865,,,
0,1,2287,2,3274,866,,,
0,1,3208,2,3274,867,,,
0,1,3208,2,2357,868,,,
0,1,3241,2,3304,869,,,
0,1,3259,2,3258,870,,,
0,1,2357,2,3274,871,,,
0,1,3258,2,3274,890,,,
0,1,2357,2,3304,891,,,
0,1,3080,2,3689,892,,,
0,1,3106,2,3304,893,,,
0,1,,2,2363,907,,,
0,1,2357,2,3661,908,,,
0,1,3212,2,3376,909,,,
0,1,3070,2,3308,910,,,
0,1,,2,3274,911,,,
0,1,3259,2,3258,912,,,
0,1,5181,2,3376,923,,,
0,1,3080,2,3274,924,,,
1,4,5402,2,4972,1885,-107,0.04,-0.18
0,4,5591,2,5465,1886,15,-0.06,0.02
1,4,5435,2,5461,1887,-61,-0.03,-0.1
1,4,5409,2,5657,1888,-136,-0.04,-0.12
1,4,5449,2,5461,1889,-129,0.03,-0.04
1,4,5638,2,5463,1890,-163,-0.01,-0.02
1,4,5429,2,4982,1891,-432,0.12,-0.03
1,4,5409,2,5463,1892,-282,0.01,-0.05
1,4,5542,2,4972,1893,-82,-0.02,-0.07
0,4,5412,2,5637,1894,54,0.01,0.02
1,4,5450,2,5637,1895,-13,-0.04,0.11
0,4,7353,2,4972,1896,-228,0.09,-0.07
1,4,5591,2,5464,1897,-148,-0.06,0.09
1,4,5447,2,4972,1898,-290,0.04,-0.26
1,4,5451,2,5637,1899,239,-0.02,0.04
1,4,5591,2,5464,1900,-69,-0.02,0.1
1,4,5409,2,5461,1901,-200,0.06,-0.02
1,4,3904,2,5461,1902,53,-0.01,0.06
1,4,5444,2,5461,1903,-206,0.01,-0.04
1,4,5451,2,5659,1904,149,-0.06,0.02
1,4,5558,2,4972,1905,129,0.05,-0.24
1,4,5542,2,4972,1906,-53,0.01,-0.04
1,4,5637,2,5464,1907,-319,0.01,0.01
1,4,4129,2,5637,1908,73,-0.01,-0.05
1,4,5639,2,5463,1909,-105,-0.03,-0.02
1,4,5565,2,5464,1910,-376,-0.03,-0.12
1,4,5444,2,5637,1911,-20,0.01,-0.01
1,4,5412,2,4475,1912,-324,0.04,0.02
1,4,5449,2,5461,1913,-129,-0.03,-0.02
1,4,5402,2,5464,1914,-586,0.03,0.04
1,4,5418,2,4477,1915,-260,-0.08,0.22
1,4,5542,2,4476,1916,150,-0.04,0.02
1,4,5542,2,4477,1917,73,-0.06,0.04
1,4,4946,2,5462,1918,122,-0.01,-0.11
0,4,5639,2,5461,1919,-122,-0.06,-0.01
1,4,4129,2,5465,1920,-211,-0.01,-0.11
0,4,5449,2,5687,1921,-168,0.03,-0.16
1,4,5439,2,5461,1922,-358,0.02,0.02
1,4,5445,2,4476,1923,-43,-0.04,-0.04
1,4,5446,2,4475,1924,-98,-0.01,-0.16
0,1,3376,1,3905,-194,,,
0,4,3630,1,4937,-467,,,
0,4,3646,1,4940,-499,,,
0,1,3376,1,5269,-328,,,
0,1,3884,1,3689,-297,,,
0,1,3274,1,3868,-368,,,
0,1,,1,3661,-22,,,
0,1,3826,1,5300,-394,,,
0,1,3208,1,3651,-222,,,
0,1,3646,1,5230,-498,,,
0,1,3376,1,7045,-296,,,
0,1,3304,1,3376,-65,,,
0,4,3274,1,4916,-122,,,
0,1,5181,1,3822,-32,,,
0,1,3586,1,7209,-497,,,
0,1,3793,1,3651,-295,,,
0,4,3304,1,4923,-264,,,
0,4,3595,1,4923,-393,,,
0,1,5179,1,7100,-367,,,
0,1,3274,1,3304,-43,,,
0,1,3208,1,3646,-121,,,
0,1,3304,1,3586,-221,,,
0,1,3376,1,3822,-496,,,
0,1,2335,1,3372,-66,,,
0,1,5243,1,7218,-466,,,
0,1,3089,1,3651,-294,,,
0,1,3652,1,7244,-465,,,
0,4,3800,1,4943,-495,,,
0,1,3235,1,7027,-327,,,
0,1,3304,1,3376,-67,,,
0,1,3258,1,3934,-120,,,
0,1,3652,1,3651,-366,,,
0,4,5247,1,7085,-494,,,
0,1,3661,1,5276,-293,,,
0,4,2357,1,4907,-28,,,
0,1,5190,1,3934,-119,,,
0,1,3652,1,7144,-392,,,
0,1,5182,1,3686,-220,,,
0,1,3289,1,3089,-84,,,
0,1,3908,1,5230,-493,,,
0,1,,1,5179,-39,,,
0,1,3652,1,5269,-325,,,
0,1,3333,1,3880,-68,,,
0,1,3304,1,3686,-292,,,
0,1,3776,1,3651,-365,,,
0,1,3481,1,,-118,,,
0,1,2335,1,3630,-6,,,
0,1,3908,1,5230,-492,,,
0,1,3661,1,5244,-193,,,
0,1,5179,1,7174,-435,,,
0,4,3369,1,4931,-262,,,
0,1,3258,1,3376,-50,,,
0,1,3304,1,3822,-364,,,
0,4,2283,1,4906,-85,,,
0,1,3304,1,3966,-219,,,
0,1,3930,1,7172,-434,,,
0,1,3266,1,3586,-69,,,
0,1,3308,1,3885,-192,,,
0,1,3646,1,5242,-324,,,
0,1,3304,1,5179,-58,,,
0,1,3421,1,3651,-117,,,
0,1,3274,1,3981,-191,,,
0,1,3241,1,5179,-23,,,
0,4,5179,1,4940,-464,,,
0,1,3884,1,3811,-433,,,
0,1,3833,1,5242,-326,,,
0,4,2283,1,4906,-86,,,
0,1,3274,1,3646,-116,,,
0,1,3274,1,3909,-70,,,
0,1,3727,1,3811,-363,,,
0,1,3241,1,3921,-190,,,
0,1,3661,1,3811,-491,,,
0,1,3652,1,3758,-463,,,
0,1,2335,1,3338,-33,,,
0,1,3652,1,3744,-291,,,
0,1,5180,1,3308,-2,,,
0,1,3308,1,3586,-87,,,
0,1,3570,1,7170,-431,,,
0,1,3304,1,3958,-189,,,
0,1,3833,1,7232,-490,,,
0,1,3235,1,3686,-218,,,
0,1,3274,1,7049,-290,,,
0,1,3820,1,3872,-362,,,
0,1,3795,1,3811,-391,,,
0,1,3235,1,3686,-217,,,
0,1,7008,1,3908,-430,,,
0,4,3304,1,4921,-261,,,
0,1,3661,1,7129,-390,,,
0,1,3235,1,3803,-17,,,
0,1,3289,1,3586,-88,,,
0,1,3661,1,3651,-115,,,
0,1,2283,1,3905,-188,,,
0,4,3235,1,4937,-429,,,
0,1,3304,1,5241,-260,,,
0,1,3646,1,7129,-389,,,
0,1,3372,1,3811,-361,,,
0,1,3852,1,3744,-216,,,
0,1,3481,1,7008,-259,,,
0,1,3733,1,3686,-289,,,
0,1,3376,1,3867,-360,,,
0,4,3304,1,4922,-187,,,
0,4,3372,1,4937,-462,,,
0,1,3376,1,3443,-288,,,
0,4,4906,1,7143,-428,,,
0,1,3908,1,3586,-215,,,
0,1,3123,1,3372,-89,,,
0,1,3148,1,3630,-71,,,
0,1,3235,1,5242,-258,,,
0,1,3661,1,7145,-388,,,
0,1,66666,1,3907,-113,,,
0,1,3212,1,3661,-185,,,
0,1,3595,1,7131,-427,,,
0,1,3689,1,3908,-461,,,
0,1,3274,1,5216,-257,,,
0,4,3089,1,4923,-387,,,
0,1,3822,1,3811,-426,,,
0,1,3756,1,3684,-184,,,
0,1,,1,3822,-34,,,
0,1,3829,1,7061,-359,,,
0,4,3304,1,4923,-386,,,
0,1,3651,1,3811,-460,,,
0,1,3089,1,3930,-214,,,
0,1,2343,1,3661,-3,,,
0,4,3274,1,4937,-425,,,
0,4,4928,1,7243,-526,,,
0,1,3376,1,7053,-287,,,
0,1,3776,1,3684,-256,,,
0,1,3652,1,3651,-385,,,
0,1,3731,1,3651,-424,,,
0,4,3089,1,4940,-459,,,
0,1,3274,1,7053,-286,,,
0,1,3258,1,5242,-255,,,
0,1,3723,1,3304,-55,,,
0,1,3686,1,7019,-384,,,
0,1,3274,1,3851,-112,,,
0,1,3258,1,3803,-18,,,
0,1,3241,1,3617,-152,,,
0,1,3258,1,3949,-182,,,
0,1,3258,1,3867,-356,,,
0,1,3338,1,3652,-111,,,
0,1,3391,1,3939,-151,,,
0,4,2357,1,4922,-181,,,
0,1,3376,1,3795,-254,,,
0,1,3258,1,3807,-284,,,
0,1,3304,1,3421,-90,,,
0,1,3833,1,7054,-355,,,
0,1,3790,1,3652,-110,,,
0,1,3304,1,3955,-180,,,
0,1,5242,1,3908,-423,,,
0,1,3258,1,3089,-150,,,
0,4,3889,1,4936,-458,,,
0,1,3304,1,5259,-213,,,
0,4,5242,1,5403,-524,,,
0,1,3274,1,5216,-253,,,
0,1,3274,1,7045,-283,,,
0,1,2176,1,3481,-7,,,
0,1,3304,1,3586,-109,,,
0,1,3304,1,3617,-149,,,
0,1,3570,1,3811,-457,,,
0,1,3208,1,3763,-48,,,
0,1,3595,1,3744,-212,,,
0,4,3421,1,4938,-422,,,
0,1,3274,1,3304,-51,,,
0,1,3595,1,7225,-523,,,
0,1,3304,1,3744,-282,,,
0,1,3274,1,3868,-354,,,
0,1,3304,1,3754,-72,,,
0,1,2363,1,3939,-148,,,
0,1,3586,1,7129,-421,,,
0,1,3800,1,3803,-179,,,
0,1,3692,1,7045,-281,,,
0,1,3661,1,3811,-353,,,
0,1,3884,1,7131,-383,,,
0,1,2357,1,3889,-91,,,
0,1,2357,1,3981,-178,,,
0,1,3235,1,3651,-147,,,
0,1,3304,1,3822,-456,,,
0,1,3607,1,3826,-211,,,
0,1,3274,1,3684,-251,,,
0,1,5179,1,3884,-352,,,
0,1,3904,1,5247,-323,,,
0,1,2357,1,3304,-35,,,
0,1,5190,1,3646,-146,,,
0,1,3758,1,3872,-455,,,
0,1,3661,1,3803,-177,,,
0,1,3877,1,3651,-210,,,
0,1,3376,1,3822,-522,,,
0,1,5182,1,3811,-322,,,
0,1,3274,1,3906,-108,,,
0,1,3947,1,3897,-382,,,
0,1,2357,1,3661,-44,,,
0,1,3258,1,3586,-73,,,
0,1,3304,1,3949,-145,,,
0,1,3651,1,3908,-454,,,
0,1,3274,1,3980,-420,,,
0,1,3241,1,3304,-9,,,
0,1,3652,1,3711,-321,,,
0,1,3258,1,3595,-56,,,
0,1,3274,1,3947,-209,,,
0,1,5216,1,7240,-521,,,
0,1,3661,1,3731,-280,,,
0,1,3235,1,3089,-74,,,
0,1,3421,1,5247,-320,,,
0,4,4907,1,3617,-144,,,
0,1,3304,1,7148,-453,,,
0,1,2363,1,3089,-29,,,
0,1,2357,1,3651,-279,,,
0,1,3274,1,7003,-249,,,
0,1,3376,1,3811,-350,,,
0,1,3304,1,7148,-452,,,
0,1,3274,1,3652,-92,,,
0,1,3376,1,3822,-419,,,
0,1,3727,1,3990,-248,,,
0,1,5189,1,3586,-75,,,
0,1,3744,1,3758,-451,,,
0,1,3652,1,3711,-176,,,
0,4,3070,1,4916,-93,,,
0,1,3724,1,3304,-52,,,
0,1,5181,1,3646,-106,,,
0,1,3980,1,3844,-349,,,
0,1,3304,1,5283,-319,,,
0,1,3595,1,7132,-450,,,
0,1,3241,1,3884,-76,,,
0,1,3241,1,3661,-14,,,
0,1,,1,3646,-143,,,
0,4,3208,1,4931,-278,,,
0,1,5190,1,3811,-487,,,
0,1,3212,1,5216,-246,,,
0,1,5181,1,3646,-107,,,
0,1,3758,1,3859,-348,,,
0,1,3304,1,5242,-318,,,
0,1,,1,3646,-142,,,
0,1,3586,1,3980,-418,,,
0,1,3744,1,3758,-449,,,
0,1,5180,1,3846,-24,,,
0,1,3304,1,3661,-94,,,
0,1,3877,1,3803,-520,,,
0,1,3607,1,3811,-417,,,
0,1,3289,1,3686,-174,,,
0,1,2034,1,3304,-36,,,
0,1,5216,1,7277,-519,,,
0,1,3820,1,7049,-277,,,
0,1,3258,1,3826,-105,,,
0,1,3884,1,3811,-347,,,
0,1,3208,1,3481,-4,,,
0,1,3661,1,5247,-317,,,
0,1,2357,1,3595,-95,,,
0,1,3304,1,3376,-77,,,
0,1,3851,1,3744,-276,,,
0,1,3908,1,5230,-486,,,
0,1,3301,1,3859,-104,,,
0,1,3904,1,3859,-346,,,
0,1,3852,1,5247,-316,,,
0,1,3123,1,3369,-10,,,
0,1,3833,1,7181,-448,,,
0,1,3733,1,3900,-173,,,
0,1,3443,1,3904,-485,,,
0,1,3304,1,5232,-244,,,
0,1,2357,1,3646,-103,,,
0,1,3274,1,3930,-172,,,
0,4,3688,1,4924,-416,,,
0,4,3241,1,4905,-78,,,
0,1,5195,1,3803,-484,,,
0,1,3289,1,3822,-30,,,
0,1,3376,1,3617,-171,,,
0,1,3661,1,3807,-275,,,
0,1,3168,1,7003,-243,,,
0,4,3595,1,4937,-483,,,
0,1,3258,1,3376,-40,,,
0,1,3661,1,5278,-315,,,
0,4,3391,1,4928,-345,,,
0,1,3744,1,7019,-415,,,
0,1,3820,1,3758,-170,,,
0,1,3258,1,3376,-8,,,
0,1,5278,1,7085,-482,,,
0,1,3304,1,5242,-314,,,
0,4,3212,1,4930,-344,,,
0,4,3421,1,4938,-414,,,
0,1,3304,1,3586,-141,,,
0,1,3820,1,3304,-169,,,
0,1,3829,1,3903,-447,,,
0,1,3241,1,3304,-53,,,
0,1,3274,1,3304,-15,,,
0,4,3630,1,4931,-274,,,
0,1,3595,1,3570,-242,,,
0,4,3863,1,4924,-518,,,
0,1,5278,1,3961,-481,,,
0,1,3304,1,3844,-313,,,
0,1,3274,1,7060,-343,,,
0,1,66666,1,3961,-168,,,
0,1,3481,1,7019,-273,,,
0,4,2335,1,4907,-25,,,
0,1,3089,1,3756,-241,,,
0,1,3822,1,3961,-517,,,
0,1,5244,1,7208,-480,,,
0,1,3308,1,3304,-102,,,
0,1,3376,1,5247,-312,,,
0,1,3863,1,3844,-342,,,
0,1,3758,1,7129,-413,,,
0,4,3274,1,4906,-167,,,
0,1,3481,1,3617,-140,,,
0,1,3372,1,5246,-272,,,
0,1,3168,1,3089,-59,,,
0,1,3259,1,3850,-37,,,
0,1,3586,1,7075,-341,,,
0,,3089,1,,-101,,,
0,1,5241,1,3811,-412,,,
0,1,3304,1,3829,-139,,,
0,1,3289,1,7019,-271,,,
0,1,3301,1,3834,-45,,,
0,1,3304,1,3990,-240,,,
0,4,3595,1,4930,-340,,,
0,1,3274,1,3907,-100,,,
0,1,3304,1,3832,-138,,,
0,1,2357,1,3863,-166,,,
0,1,3651,1,3881,-446,,,
0,1,3889,1,3807,-270,,,
0,1,5241,1,7238,-516,,,
0,1,3595,1,5195,-311,,,
0,4,3274,1,4928,-339,,,
0,1,3266,1,3651,-137,,,
0,1,5179,1,3617,-165,,,
0,4,2357,1,4907,-19,,,
0,1,3304,1,3651,-238,,,
0,1,3274,1,3651,-269,,,
0,1,3607,1,3811,-515,,,
0,1,3304,1,5267,-310,,,
0,1,5216,1,3908,-411,,,
0,1,3148,1,7026,-268,,,
0,1,3304,1,3651,-208,,,
0,1,3981,1,7208,-479,,,
0,4,3376,1,4938,-410,,,
0,1,2357,1,3822,-164,,,
0,1,3212,1,3586,-41,,,
0,1,3089,1,5246,-266,,,
0,1,3304,1,3966,-207,,,
0,1,5278,1,3803,-478,,,
0,1,3241,1,3661,-99,,,
0,1,5216,1,3811,-409,,,
0,1,3304,1,3833,-136,,,
0,1,3274,1,3661,-163,,,
0,1,3586,1,3756,-239,,,
0,1,5179,1,7049,-263,,,
0,4,4930,1,3811,-514,,,
0,1,3304,1,3586,-206,,,
0,1,3241,1,3369,-16,,,
0,1,3274,1,3930,-153,,,
0,1,3376,1,3758,-135,,,
0,1,2357,1,3684,-162,,,
0,1,2357,1,3811,-444,,,
0,1,3208,1,3595,-60,,,
0,4,4931,1,3869,-513,,,
0,1,3304,1,3822,-309,,,
0,4,3258,1,4931,-338,,,
0,1,3212,1,3651,-134,,,
0,1,3826,1,3651,-408,,,
0,1,3661,1,3980,-161,,,
0,4,3304,1,4936,-512,,,
0,1,3744,1,7202,-477,,,
0,4,3651,1,4945,-534,,,
0,1,3274,1,3607,-61,,,
0,4,3208,1,4940,-442,,,
0,1,2357,1,3826,-205,,,
0,1,5259,1,7075,-511,,,
0,1,3586,1,3795,-237,,,
0,1,2357,1,7022,-337,,,
0,4,3758,1,5403,-533,,,
0,1,3651,1,3811,-379,,,
0,1,3595,1,3908,-441,,,
0,1,3595,1,3570,-236,,,
0,4,3304,1,4923,-267,,,
0,1,5259,1,7075,-510,,,
0,1,2132,1,3481,-11,,,
0,1,3376,1,7027,-308,,,
0,1,3646,1,5195,-336,,,
0,4,3304,1,4924,-407,,,
0,1,3258,1,3881,-440,,,
0,1,3304,1,3829,-160,,,
0,1,3692,1,7017,-378,,,
0,4,3212,1,4905,-57,,,
0,1,5179,1,5247,-265,,,
0,1,3744,1,7277,-509,,,
0,1,3241,1,5179,-20,,,
0,1,3258,1,5263,-204,,,
0,1,2335,1,3646,-96,,,
0,1,3089,1,7218,-476,,,
0,1,3646,1,7134,-406,,,
0,1,3661,1,3811,-439,,,
0,1,3304,1,5179,-62,,,
0,1,3800,1,3661,-132,,,
0,1,3258,1,3744,-234,,,
0,1,3651,1,7214,-475,,,
0,1,5241,1,7132,-438,,,
0,1,3904,1,3908,-405,,,
0,1,3304,1,5243,-203,,,
0,1,7074,1,5230,-508,,,
0,1,3661,1,5278,-307,,,
0,4,5276,1,4948,-532,,,
0,1,3756,1,7129,-381,,,
0,1,5232,1,3908,-404,,,
0,1,3822,1,7181,-437,,,
0,4,3266,1,4923,-233,,,
0,1,3304,1,3651,-202,,,
0,1,3304,1,3877,-54,,,
0,1,3241,1,3859,49903,,,
0,1,3258,1,3811,-531,,,
0,1,3904,1,3908,-436,,,
0,1,3756,1,5300,-403,,,
0,1,3369,1,3607,-63,,,
0,1,3481,1,5243,-201,,,
0,1,3274,1,5232,-232,,,
0,1,3661,1,5282,-306,,,
0,4,3811,1,5403,-530,,,
0,1,3289,1,3846,-26,,,
0,4,3241,1,4916,-159,,,
0,1,3304,1,3651,-231,,,
0,1,3889,1,3811,-507,,,
0,1,3304,1,5258,-200,,,
0,4,3586,1,4931,-335,,,
0,1,3304,1,7282,-529,,,
0,1,3651,1,5283,-305,,,
0,1,3901,1,7017,-376,,,
0,4,3651,1,4937,-488,,,
0,1,2283,1,5179,-38,,,
0,1,3304,1,3651,-199,,,
0,4,4923,1,7218,-506,,,
0,1,3923,1,3811,-474,,,
0,4,3651,1,5402,-528,,,
0,1,3744,1,5300,-402,,,
0,1,3789,1,3829,-158,,,
0,1,5181,1,3653,-46,,,
0,1,3921,1,3651,-375,,,
0,1,3274,1,3652,-131,,,
0,4,3289,1,4905,-79,,,
0,1,3258,1,5260,-198,,,
0,1,3756,1,7233,-505,,,
0,1,3274,1,5179,-49,,,
0,1,3304,1,5267,-304,,,
0,22,2283,1,,-12,,,
0,1,3914,1,7075,-334,,,
0,1,3274,1,7008,-230,,,
0,1,3274,1,3905,-197,,,
0,1,3651,1,3811,-504,,,
0,4,3274,1,4923,-333,,,
0,4,3304,1,4922,-303,,,
0,22,3289,1,4905,-80,,,
0,1,3308,1,3949,-157,,,
0,1,3089,1,5179,-129,,,
0,1,5267,1,3961,-503,,,
0,1,3914,1,3570,-229,,,
0,1,5267,1,3961,-472,,,
0,1,3123,1,3630,-31,,,
0,4,3274,1,4923,-332,,,
0,1,3661,1,66666,-302,,,
0,1,3586,1,3651,-373,,,
0,4,3833,1,4936,-401,,,
0,1,3148,1,3822,-156,,,
0,1,3789,1,3744,-228,,,
0,1,3376,1,5244,-196,,,
0,1,5242,1,3758,-502,,,
0,1,3208,1,3369,-1,,,
0,1,3289,1,3304,-42,,,
0,1,3376,1,5280,-372,,,
0,1,3661,1,7143,-400,,,
0,1,3689,1,3893,-128,,,
0,4,4923,1,7085,-501,,,
0,1,3274,1,3686,-227,,,
0,1,3795,1,3803,-471,,,
0,1,3376,1,5267,-330,,,
0,1,3274,1,7002,-301,,,
0,1,3852,1,7143,-399,,,
0,1,3851,1,3908,-371,,,
0,1,3304,1,3607,-81,,,
0,1,3586,1,3758,-470,,,
0,1,3689,1,3586,-226,,,
0,1,3586,1,3851,-370,,,
0,4,3304,1,4923,-398,,,
0,1,3724,1,3646,-126,,,
0,1,3481,1,3829,-155,,,
0,1,3376,1,5246,-195,,,
0,4,3289,1,4907,-27,,,
0,1,3689,1,3586,-225,,,
0,4,3803,1,4937,-469,,,
0,1,3595,1,5267,-300,,,
0,1,3661,1,5179,-82,,,
0,1,3304,1,3586,-125,,,
0,1,3481,1,3811,-397,,,
0,1,3274,1,3304,-64,,,
0,4,4936,1,3908,-500,,,
0,1,66666,1,3686,-224,,,
0,1,3630,1,3904,-468,,,
0,1,3338,1,7054,-329,,,
0,1,3651,1,5276,-299,,,
0,1,3661,1,7097,-369,,,
0,1,3208,1,3800,-5,,,
0,1,3304,1,3929,-124,,,
0,1,3258,1,3421,-47,,,
0,1,5190,1,7008,-223,,,
0,1,,1,3089,-83,,,
0,1,3308,1,3807,-298,,,
0,1,3646,1,7111,-395,,,
0,1,2278,1,3481,-13,,,
0,4,2357,1,4916,-154,,,
0,1,3723,1,3934,-123,,,
0,1,,2,3206,738,,,
0,1,2132,2,3181,739,,,
0,1,3053,2,3080,741,,,
0,1,2278,2,3266,742,,,
0,1,,2,3241,745,,,
0,1,2287,2,3241,764,,,
0,1,2287,2,3241,767,,,
0,1,,2,3241,768,,,
0,1,,2,3208,766,,,
0,1,487,2,3259,769,,,
0,1,3080,2,2357,771,,,
0,1,,2,,785,,,
0,1,,2,,787,,,
0,1,3016,2,3212,788,,,
0,1,,2,3208,789,,,
0,1,3212,2,3208,790,,,
0,1,3304,2,5179,961,,,
0,1,3274,2,3304,962,,,
0,1,3258,2,3304,963,,,
0,1,3241,2,5179,-21,,,
0,4,3070,2,4907,964,,,
0,1,3304,2,5179,965,,,
0,1,3148,2,5179,966,,,
0,1,3212,2,3089,967,,,
0,1,2357,2,3789,968,,,
0,1,3259,2,3652,969,,,
0,1,3208,2,3376,970,,,
0,1,3208,2,3820,971,,,
0,1,3258,2,5179,972,,,
0,1,5180,2,3820,973,,,
0,1,3241,2,3208,819,,,
0,1,2335,2,3274,821,,,
0,1,3082,2,3241,822,,,
0,1,3080,2,3274,823,,,
0,1,3070,2,3241,824,,,
0,1,3099,2,3241,831,,,
0,1,2340,2,3652,832,,,
0,1,2154,2,3235,833,,,
0,1,2283,2,3212,834,,,
0,1,2335,2,3304,835,,,
0,1,2357,2,3333,836,,,
0,1,2335,2,3274,837,,,
0,1,2283,2,,844,,,
0,1,2343,2,3274,845,,,
0,1,3123,2,3274,846,,,
0,1,3080,2,3258,847,,,
0,1,2363,2,3304,860,,,
0,1,3016,2,3661,861,,,
0,1,3123,2,3304,862,,,
0,1,3123,2,3304,863,,,
0,1,3241,2,3208,864,,,
0,1,,2,3304,878,,,
0,1,2278,2,3369,879,,,
0,1,3070,2,3369,880,,,
0,1,3168,2,3724,881,,,
0,1,3168,2,3724,882,,,
0,1,3089,2,3274,883,,,
0,1,2335,2,66666,884,,,
0,1,2357,2,3304,885,,,
0,1,5180,2,3274,894,,,
0,1,,2,3304,895,,,
0,1,2132,2,3727,896,,,
0,1,3168,2,3308,897,,,
0,1,5182,2,5190,898,,,
0,1,2357,2,5189,899,,,
0,1,3266,2,3727,900,,,
0,1,2363,2,3304,913,,,
0,1,3241,2,3733,914,,,
0,1,3208,2,3274,915,,,
0,1,5181,2,3258,916,,,
0,1,3016,2,3338,917,,,
0,1,3274,2,3304,928,,,
0,1,2340,2,3274,929,,,
0,1,3148,2,3789,930,,,
0,1,3212,2,3776,931,,,
0,1,3240,2,3338,932,,,
0,1,2357,2,3304,933,,,
1,1,3803,2,3999,1445,-10,-0.21,-0.08
1,4,5567,2,5449,1653,-502,-0.02,-0.36
1,4,5300,2,5449,1630,-138,0.05,-0.22
1,4,7343,2,5451,1727,-276,0.02,0.18
1,4,5435,2,5542,1726,313,-0.1,0.11
1,4,3811,2,5444,1763,-711,0.04,-0.06
1,4,3999,2,5468,2016,-5,-0.11,-0.04
1,4,5449,2,5718,2017,-282,0.02,-0.24
1,4,5412,2,5449,1635,-796,0.07,-0.17
1,4,5451,2,5718,2024,-169,0.04,0.03
1,4,3822,2,5453,1780,-565,0.01,-0.21
1,4,5446,2,5639,1854,-303,-0.04,-0.13
0,1,3274,2,3908,991,,,
0,1,3724,2,3607,992,,,
0,1,3274,2,3304,993,,,
0,1,3148,2,3595,994,,,
1,4,3884,2,4129,1698,-173,-0.01,-0.19
1,4,5542,2,5459,1861,-76,-0.07,0.08
1,4,5638,2,5469,2026,-136,-0.08,0
1,4,4129,2,5464,2018,-400,0.01,-0.08
1,4,5459,2,5469,2019,-183,-0.08,0.06
1,4,7122,2,5444,1683,-696,-0.01,0.05
0,1,3241,2,3304,925,,,
0,1,3258,2,3790,926,,,
0,1,3241,2,3258,927,,,
0,1,3258,2,3799,940,,,
0,1,3212,2,3304,941,,,
0,1,3168,2,3089,942,,,
0,1,3274,2,3304,943,,,
0,1,2335,2,3089,944,,,
0,1,5182,2,3692,974,,,
0,1,3241,2,5179,975,,,
0,1,3241,2,3630,976,,,
0,1,3274,2,3756,977,,,
0,1,3241,2,3793,978,,,
0,1,3258,2,3376,979,,,
0,1,3123,2,3661,980,,,
0,1,3274,2,3688,981,,,
0,1,3148,2,3338,982,,,
0,1,3274,2,3661,983,,,
0,1,3212,2,3586,984,,,
0,1,3724,2,3304,985,,,
0,1,66666,2,3376,986,,,
0,1,3274,2,3376,960,,,
0,1,3168,2,3274,838,,,
0,1,3089,2,2363,839,,,
0,1,2283,2,3241,840,,,
0,1,2335,2,3700,841,,,
0,1,2335,2,3274,842,,,
0,1,3241,2,3212,843,,,
0,1,3123,2,3235,854,,,
0,1,3123,2,3274,855,,,
0,1,3241,2,3258,856,,,
0,1,3266,2,3258,857,,,
0,1,3070,2,3664,858,,,
0,1,3123,2,3289,859,,,
0,1,3148,2,3258,872,,,
0,1,3080,2,3274,873,,,
0,1,3258,2,3304,874,,,
0,1,3259,2,3258,875,,,
0,1,2340,2,3274,876,,,
0,1,2335,2,3724,877,,,
0,1,3080,2,5190,886,,,
0,1,3106,2,3304,887,,,
0,1,3241,2,3723,888,,,
0,1,2343,2,3274,889,,,
0,1,3148,2,3274,901,,,
0,1,4198,2,3391,902,,,
0,1,3123,2,66666,903,,,
0,1,3123,2,66666,904,,,
0,1,3212,2,3274,905,,,
0,1,3070,2,3308,906,,,
0,1,3259,2,5190,918,,,
0,1,2283,2,3733,919,,,
0,1,3212,2,3376,920,,,
0,1,3148,2,3481,921,,,
0,1,3301,2,3481,922,,,
0,1,3148,2,3304,934,,,
0,1,3168,2,3421,935,,,
0,1,3241,2,3481,936,,,
0,1,3080,2,3481,937,,,
0,1,3089,2,3661,938,,,
0,1,3274,2,3304,939,,,
1,4,5449,2,5639,1847,-17,-0.01,-0.12
1,4,4938,2,5451,1859,-299,0.01,-0.06
1,4,5418,2,5590,1767,117,-0.19,0.1
1,4,5453,2,5718,2025,-314,0.04,-0.17
1,4,3999,2,5449,1797,-331,-0.05,-0.17
1,4,5402,2,5449,1791,-525,0.04,-0.19
1,4,5426,2,5453,1762,-544,0.01,0.13
1,4,5590,2,5460,1864,259,-0.07,-0.04
1,4,5431,2,5638,1862,18,-0.07,-0.03
1,4,5449,2,5468,2029,,,
0,1,5190,2,3304,987,,,
0,1,3241,2,3877,988,,,
0,1,3274,2,3304,989,,,
0,1,3304,2,5179,990,,,
1,4,5542,2,7702,1788,424,-0.08,0.12
1,4,5444,2,5718,2027,-379,0.04,-0.04
1,4,7702,2,5468,2020,212,-0.04,0.06
1,4,5409,2,4972,1863,-240,0.06,-0.17
1,4,5542,2,5449,1757,-257,-0.06,-0.04
1,4,4972,2,5469,2028,-265,-0.01,-0.07
1,4,5449,2,5464,2021,-442,-0.02,0
0,4,3811,2,5411,1394,231,-0.01,-0.14
1,4,7053,2,5447,1633,-501,0.01,-0.38
1,4,5584,2,5428,1662,-412,-0.09,-0.3
1,4,5428,2,5719,2022,72,-0.09,-0.17
0,4,3884,2,5411,1440,-15,0.02,-0.19
1,4,5411,2,5468,2023,-8,0.01,-0.1
